000001,"aaa、、 aaaa",male,awew,555-1115-22222,ggkyk@wyshco.jp,2,life,あｓっｆｗ
2,"aaa、、 aaaa",male,awew,555-1115-22222,ggkyk@wyshco.jp,2,life,あｓっｆｗ
000003,"aaa、、 aaaa",male,awew,555-1115-22222,ggkyk@wyshco.jp,2,life,あｓっｆｗ
000004,"aaa、、 aaaa",male,awew,555-1115-22222,ggkyk@wyshco.jp,2,life,あｓっｆｗ
000005,"aaa、、 aaaa",male,awew,555-1115-22222,ggkyk@wyshco.jp,2,life,あｓっｆｗ
000006,"aaa、、 aaaa",male,awew,555-1115-22222,ggkyk@wyshco.jp,2,life,あｓっｆｗ
000007,"aaa、、 aaaa",male,awew,555-1115-22222,ggkyk@wyshco.jp,2,life,あｓっｆｗ
000008,"aaa、、 aaaa",male,awew,555-1115-22222,ggkyk@wyshco.jp,2,life,あｓっｆｗ
000009,"aaa、、 aaaa",male,awew,555-1115-22222,ggkyk@wyshco.jp,2,life,あｓっｆｗ
000010,"aaa、、 aaaa",male,awew,555-1115-22222,ggkyk@wyshco.jp,2,life,あｓっｆｗ
000011,"aaa、、 aaaa",male,awew,555-1115-22222,ggkyk@wyshco.jp,2,life,あｓっｆｗ
000012,"aaa、、 aaaa",male,awew,555-1115-22222,ggkyk@wyshco.jp,2,life,あｓっｆｗ
000013,"aaa、、 aaaa",male,awew,555-1115-22222,ggkyk@wyshco.jp,2,life,あｓっｆｗ
000014,"aaa、、 aaaa",male,awew,555-1115-22222,ggkyk@wyshco.jp,2,life,あｓっｆｗ
000015,"aaa、、 aaaa",male,awew,555-1115-22222,ggkyk@wyshco.jp,2,life,あｓっｆｗ
000016,"aaa、、 aaaa",male,awew,555-1115-22222,ggkyk@wyshco.jp,2,life,あｓっｆｗ
000017,"aaa、、 aaaa",male,awew,555-1115-22222,ggkyk@wyshco.jp,2,life,あｓっｆｗ
000018,"aaa、、 aaaa",male,awew,555-1115-22222,ggkyk@wyshco.jp,2,life,あｓっｆｗ
000019,"aaa、、 aaaa",male,awew,555-1115-22222,ggkyk@wyshco.jp,2,life,あｓっｆｗ
000020,"aaa、、 aaaa",male,awew,555-1115-22222,ggkyk@wyshco.jp,2,life,あｓっｆｗ
000021,"aaa、、 aaaa",male,awew,555-1115-22222,ggkyk@wyshco.jp,2,life,あｓっｆｗ
000022,"aaa、、 aaaa",male,awew,555-1115-22222,ggkyk@wyshco.jp,2,life,あｓっｆｗ
000023,"aaa、、 aaaa",male,awew,555-1115-22222,ggkyk@wyshco.jp,2,life,あｓっｆｗ
000024,"aaa、、 aaaa",male,awew,555-1115-22222,ggkyk@wyshco.jp,2,life,あｓっｆｗ
000025,"aaa、、 aaaa",male,awew,555-1115-22222,ggkyk@wyshco.jp,2,life,あｓっｆｗ
000026,"aaa、、 aaaa",male,awew,555-1115-22222,ggkyk@wyshco.jp,2,life,あｓっｆｗ
000027,"aaa、、 aaaa",male,awew,555-1115-22222,ggkyk@wyshco.jp,2,life,あｓっｆｗ
000028,"aaa、、 aaaa",male,awew,555-1115-22222,ggkyk@wyshco.jp,2,life,あｓっｆｗ
000029,"aaa、、 aaaa",male,awew,555-1115-22222,ggkyk@wyshco.jp,2,life,あｓっｆｗ
000030,"aaa、、 aaaa",male,awew,555-1115-22222,ggkyk@wyshco.jp,2,life,あｓっｆｗ
000031,"aaa、、 aaaa",male,awew,555-1115-22222,ggkyk@wyshco.jp,2,life,あｓっｆｗ
000032,"aaa、、 aaaa",male,awew,555-1115-22222,ggkyk@wyshco.jp,2,life,あｓっｆｗ
000033,"aaa、、 aaaa",male,awew,555-1115-22222,ggkyk@wyshco.jp,2,life,あｓっｆｗ
000034,"aaa、、 aaaa",male,awew,555-1115-22222,ggkyk@wyshco.jp,2,life,あｓっｆｗ
000035,"aaa、、 aaaa",male,awew,555-1115-22222,ggkyk@wyshco.jp,2,life,あｓっｆｗ
000036,"aaa、、 aaaa",male,awew,555-1115-22222,ggkyk@wyshco.jp,2,life,あｓっｆｗ
000037,"aaa、、 aaaa",male,awew,555-1115-22222,ggkyk@wyshco.jp,2,life,あｓっｆｗ
000038,"aaa、、 aaaa",male,awew,555-1115-22222,ggkyk@wyshco.jp,2,life,あｓっｆｗ
000039,"aaa、、 aaaa",male,awew,555-1115-22222,ggkyk@wyshco.jp,2,life,あｓっｆｗ
000040,"aaa、、 aaaa",male,awew,555-1115-22222,ggkyk@wyshco.jp,2,life,あｓっｆｗ
